,Название продукта,Название категории продукта,Цену продукта,Название города
0,Креветки Королевские 26/30 очищенные,Креветки ,5 290 тг.,Индия
1,Креветка Королевская 31/40 очищенная,Креветки ,5 900 тг.,Индия
2,"Лангустины в панцире с головой, размер 21-30",Креветки ,6 500 тг.,
3,"Креветка Королевская  21/25, в панцире без головы",Креветки ,5 500 тг.,Индия
4,Чука салат замороженный,Азиатская Кухня ,2 800 тг.,
5,"Креветка Арктическая, 70/90,  Гренландия",Креветки ,6 700 тг.,
6,Креветка Ваннамей 16/20 в панцире б/г ,Креветки ,5 700 тг.,Индия
7,"Лангустины в Панцире с головой, размер 10-20",Креветки ,7 200 тг.,
8,"Креветка  Салатная 100/200, глазурь 40%",Креветки ,3 900 тг.,Индия
9,"Креветка Северная, 90/120,  Гренландия",Креветки ,5 400 тг.,
10,"Лангустины в панцире без головы, размер 30 - 50, уп. 2 кг",Креветки ,6 500 тг.,
11,Креветка Тигровая 8/12  с головой,Креветки ,14 500 тг.,Вьетнам
12,"Креветка Королевская Блочная, размер 16/20",Креветки ,15 500 тг.,
13,"Креветка Королевская Блочная, в панцире 21/25",Креветки ,15 000 тг.,
14,Креветка Risma Премиум глазурь 7%,Креветки ,6 000 тг.,Китай
15,Конечности Камчатского Краба 4L,Крабы ,24 000 тг.,
16,"Мясо краба, 1я фаланга, блок весом 1 -1,5 кг",Крабы ,35 000 тг.,
17,Мясо Краба Салатное (кусочками),Крабы ,17 500 тг.,
18,Краб Приморский в собственном соку,Крабы ,17 500 тг.,
19,Краб Натуральный в собственном соку,Крабы ,48 000 тг.,
20,Устрицы Gillardeau №2 ,Устрицы ,1 790 тг.,
21,Устрицы Ostra Regal  #2,Устрицы ,2 100 тг.,Франция
22,Устрицы Fin De Claire №2 Marine,Устрицы ,1 400 тг.,
23,Устрицы Tarbouriech,Устрицы ,2 400 тг.,Франция
24,Устрицы Fine de Claire Selection Marine #3,Устрицы ,1 100 тг.,
25,Устрицы La Belle №2,Устрицы ,1 490 тг.,
26,Устрицы №2 Царская,Устрицы ,1 600 тг.,Царская
27,Гребешок Risma 10/20 глазурь 7%,Гребешок ,13 500 тг.,
28,"Гребешок 10/20, глазурь 25%",Гребешок ,6 800 тг.,
29,Гребешок Морской на раковине с икрой 12/16,Гребешок ,7 600 тг.,
30,Гребешок на Створке,Гребешок ,4 500 тг.,РФ
31,Мидии в раковине 40-60 закрытые,Мидии ,4 800 тг.,
32,"Мидии на раковине Киви 40/60,  Новая Зеландия",Мидии ,5 400 тг.,
33,Мясо Мидий очищенное,Мидии ,3 000 тг.,Чили
34,"Осьминог Бэби, размер 40/60",Осьминоги ,5 500 тг.,Китай
35,"Осьминог Индонезия 0,5 - 1 кг",Осьминоги ,8 900 тг.,
36,"Каракатица, размер 40-60 ",Осьминоги ,4 800 тг.,Индонезия
37,"Хвост Омара, замороженный",Лобстеры ,40 000 тг.,Канада
38,Клешни Лобстера (Омара) замороженные,Лобстеры ,13 500 тг.,
39,Лобстер (Омар) размер 1000+ гр.,Лобстеры ,45 000 тг.,
40,Трубка Кальмара,Кальмары ,3 700 тг.,
41,Щупальца Кальмара свежемороженные,Кальмары ,2 500 тг.,РФ
42,"Кольца Кальмара, уп. 1 кг",Кальмары ,4 800 тг.,
43,Кальмар Патагонский,Кальмары ,5 500 тг.,
44,Кальмар Командорский очищенный,Кальмары ,3 600 тг.,
45,Кальмар Тушка Неочищенный,Кальмары ,2 500 тг.,РФ
46,Кальмар Командорский 600 гр,Кальмары ,2 300 тг.,
47,Трубка Кальмара Risma,Кальмары ,4 800 тг.,Китай
48,Морской Коктейль Стандарт 1 кг,Морской коктейль ,3 000 тг.,
49,Вонголе Свежемороженные уп. 500 гр,Вонголе ,3 500 тг.,
50,Улитка Бургундская в металлическом поддоне,Улитки по Бургундски ,2 990 тг.,
51,Улитки по Бургундски (Escargot),Улитки по Бургундски ,10 500 тг.,Франция
52,"Керамическая Сковорода ""Улиточница Эскарготьерка""",Улитки по Бургундски ,4 500 тг.,Бургундски
53,"Семга Атлантическая (Лосось) Охлажденная, 3-4 кг",Охлажденная рыба ,5 990 тг.,
54,Дорадо Охлажденная вес 300 - 400 гр/шт Греция,Охлажденная рыба ,5 800 тг.,
55,"Форель Атлантическая охлажденная 3-4 кг, Норвегия",Охлажденная рыба ,7 700 тг.,
56,Сибас Охлажденный весом 300 - 400 гр/шт ,Охлажденная рыба ,5 800 тг.,
57,Дорадо Охлажденная 400 - 600 гр./шт,Охлажденная рыба ,5 800 тг.,
58,Сибас Охлажденный 400 - 600 гр/шт,Охлажденная рыба ,5 800 тг.,
59,"Семга Атлантическая охлажденная, 5-6 кг, Норвегия",Охлажденная рыба ,7 700 тг.,
60,"Сибас Охлажденный 600 - 800 гр., Греция",Охлажденная рыба ,7 200 тг.,
61,Форель Атлантическая Норвежская охлажденная 5 - 6 кг,Охлажденная рыба ,7 700 тг.,
62," Дорадо Охлажденная вес 600-800 гр., Турция",Охлажденная рыба ,7 200 тг.,
63,Сибас охлажденный весом от 1000 до 1500 гр Турция,Охлажденная рыба ,8 900 тг.,
64,Снеппер Красный (Red Snapper),Рифовая рыба ,9 490 тг.,
65,Барабулька Red Mullet (Султанка),Рифовая рыба ,9 490 тг.,
66, Дорадо Охлажденная вес 1+ kg,Охлажденная рыба ,8 900 тг.,
67,"Барамунди / Barramundi  вес 0,5 - 2 кг/шт",Рифовая рыба ,9 490 тг.,
68,"Группер Каменный /Spotted Grouper 0,5 - 2 кг/шт",Рифовая рыба ,9 490 тг.,
69," Рыба Попугай/ Parrot Fish 0,5 - 2 кг",Рифовая рыба ,9 490 тг.,Ланка
70,Филе Рыбы Меч (Swordfish) охлажденное,Рифовая рыба ,15 990 тг.,
71,"Император / Emperor Fish 0,5 - 2 кг/шт",Рифовая рыба ,9 490 тг.,
72,Барракуда охлажденная 1-3 кг,Рифовая рыба ,9 490 тг.,
73,Стейк из Семги нарезка Подкова,Замороженная рыба ,6 990 тг.,
74,Филе Судака уп. 1 кг,Филе из рыбы ,3 500 тг.,Казахстан
75,Морской Окунь размер 500-600 гр,Замороженная рыба ,3 000 тг.,
76,Палтус вес 2-3 кг,Замороженная рыба ,5 500 тг.,
77,Скумбрия (макрель атлантическая) 400-600,Замороженная рыба ,2 200 тг.,
78,Тунец  Yellowfin филе уп. 350-550 гр.,Замороженная рыба ,10 100 тг.,
79,Форель Радужная Замороженая,Замороженная рыба ,3 200 тг.,Турция
80,Треска Атлантическая  размер 3 кг+,Замороженная рыба ,3 500 тг.,РФ
81,"Дорадо замороженная, весом 300-400 гр./шт",Замороженная рыба ,4 200 тг.,
82,Сибас замороженный 300-400 гр.,Замороженная рыба ,4 200 тг.,
83,"Филе минтая замороженное, уп. 600 гр",Филе из рыбы ,1 490 тг.,РФ
84,"Угорь Копченый Унаги, филе для суши",Замороженная рыба ,10 000 тг.,
85,Мойва атлантическая,Замороженная рыба ,3 100 тг.,
86,Семга (Лосось) Замороженная размер 6-7 кг,Замороженная рыба ,4 490 тг.,Стейки
87,Стейк Подкова из Форели,Филе из рыбы ,7 490 тг.,
88,"Черная Треска, вылов Канада",Замороженная рыба ,22 000 тг.,
89,"Стейки из Осетра, уп. 800 грамм ",Замороженная рыба ,9 800 тг.,
90,Хек Тушка Свежемороженная,Замороженная рыба ,1 800 тг.,
91,"Филе Окуня морского, 220 гр",Филе из рыбы ,3 000 тг.,
92,Сибас Замороженный 1+ крупный,Замороженная рыба ,7 500 тг.,
93,Стейк из Семги нарезка Подкова,Замороженная рыба ,6 990 тг.,
94,Лосось Малосольный филе на шкуре,Рыба Копченая ,9 500 тг.,KingFisher
95,Филе Судака уп. 1 кг,Филе из рыбы ,3 500 тг.,Казахстан
96,Филе из Охлажденной Семги (Лосося),Филе из рыбы ,14 500 тг.,
97,Филе на шкуре из Атлантической Семги,Филе из рыбы ,8 900 тг.,
98,"Филе из Охлажденной Океанической Форели  1,5 - 2 кг",Филе из рыбы ,14 500 тг.,
99,Слайсы из Малосольного Лосося,Рыба Копченая ,15 990 тг.,KingFisher
100,Стейк Подкова из Норв. лосося размороженный  вес 300 - 400 гр,Филе из рыбы ,7 800 тг.,
101,Филе Трески заморозка,Филе из рыбы ,4 500 тг.,
102,Тунец  Yellowfin филе уп. 350-550 гр.,Замороженная рыба ,10 100 тг.,
103,Филе Лосося копченое цельное вакуум,Рыба Копченая ,11 500 тг.,
104,"Филе минтая замороженное, уп. 600 гр",Филе из рыбы ,1 490 тг.,РФ
105,"Угорь Копченый Унаги, филе для суши",Замороженная рыба ,10 000 тг.,
106,Стейк Бабочка из Атлантической семги вес 150 гр.,Филе из рыбы ,8 900 тг.,
107,Стейк Подкова из Форели,Филе из рыбы ,7 490 тг.,
108,"Гравлакс (Gravad Lax) из охлажденки, вес 800 - 1000 гр.",Рыба Копченая ,16 500 тг.,KingFisher
109,"Филе Тунца грейд А, без костей и шкуры",Рифовая рыба ,15 500 тг.,
110,"Стейки из Осетра, уп. 800 грамм ",Замороженная рыба ,9 800 тг.,
111,Филе Сельди малосольное KingFisher,Филе из рыбы ,5 000 тг.,KingFisher
112,"Филе Окуня морского, 220 гр",Филе из рыбы ,3 000 тг.,
113,Чилийский Сибас стейк-подкова,Филе из рыбы ,30 000 тг.,
114,Стейк-филе Swordfish (Рыба Меч),Филе из рыбы ,6 800 тг.,
115,Черная Треска стейк-подкова,Филе из рыбы ,31 000 тг.,
116,Стейк Акулы,Филе из рыбы ,14 800 тг.,
117,Лосось Малосольный филе на шкуре,Рыба Копченая ,9 500 тг.,KingFisher
118,Лосось копченый по Шотландски Филе,Рыба Копченая ,10 800 тг.,KingFisher
119,Слайсы из Малосольного Лосося,Рыба Копченая ,15 990 тг.,KingFisher
120,Эсколар копченый филе на шкуре,Рыба Копченая ,7 800 тг.,KingFisher
121,Слайсы Копченый Лосось (Семга)  Шотландского Копчения,Рыба Копченая ,10 800 тг.,KingFisher
122,Тунец Копченый Куском (спинка),Рыба Копченая ,8 490 тг.,
123,Форель Копченая из Охлажденки Филе,Рыба Копченая ,10 800 тг.,
124,Филе Лосося копченое цельное вакуум,Рыба Копченая ,11 500 тг.,
125,"Гравлакс (Gravad Lax) из охлажденки, вес 800 - 1000 гр.",Рыба Копченая ,16 500 тг.,KingFisher
126,Слайсы из копченого Эсколара,Рыба Копченая ,14 800 тг.,KingFisher
127,Филе Осетра Холодного копчения,Рыба Копченая ,18 500 тг.,
128,Тунец Копченый нарезка Слайсами,Рыба Копченая ,12 500 тг.,KingFisher
129,"Филе Тунца грейд А, без костей и шкуры",Рифовая рыба ,15 500 тг.,
130,Снеппер Красный (Red Snapper),Рифовая рыба ,9 490 тг.,
131,Барабулька Red Mullet (Султанка),Рифовая рыба ,9 490 тг.,
132,"Барамунди / Barramundi  вес 0,5 - 2 кг/шт",Рифовая рыба ,9 490 тг.,
133,"Группер Каменный /Spotted Grouper 0,5 - 2 кг/шт",Рифовая рыба ,9 490 тг.,
134," Рыба Попугай/ Parrot Fish 0,5 - 2 кг",Рифовая рыба ,9 490 тг.,Ланка
135,Филе Рыбы Меч (Swordfish) охлажденное,Рифовая рыба ,15 990 тг.,
136,"Император / Emperor Fish 0,5 - 2 кг/шт",Рифовая рыба ,9 490 тг.,
137,Барракуда охлажденная 1-3 кг,Рифовая рыба ,9 490 тг.,
138,Тунец YellowFin Охлажденный,Рифовая рыба ,15 500 тг.,Ланка
139,Лосось Малосольный филе на шкуре,Рыба Копченая ,9 500 тг.,KingFisher
140,Слайсы из Малосольного Лосося,Рыба Копченая ,15 990 тг.,KingFisher
141,"Гравлакс (Gravad Lax) из охлажденки, вес 800 - 1000 гр.",Рыба Копченая ,16 500 тг.,KingFisher
142,Филе Сельди малосольное KingFisher,Филе из рыбы ,5 000 тг.,KingFisher
143,"Печень трески натуральная, Исландия",Консервы ,1 850 тг.,
144,Тунец Филе консервированное в масле,Консервы ,1 100 тг.,Беринг
145,Анчоусы Agostino Recca в масле,Консервы ,3 500 тг.,Италия
146,Сардины в масле Agostino Recca,Консервы ,10 500 тг.,Сицилия
147,"Анчоусы Agostino Recca, 540 гр",Консервы ,15 800 тг.,
148,Анчоусы Agostino Recca в масле,Консервы ,3 500 тг.,Италия
149,Сардины в масле Agostino Recca,Консервы ,10 500 тг.,Сицилия
150,"Анчоусы Agostino Recca, 540 гр",Консервы ,15 800 тг.,
151,"Печень трески натуральная, Исландия",Консервы ,1 850 тг.,
152,Тунец Филе консервированное в масле,Консервы ,1 100 тг.,Беринг
153,Икра Красная Нерка 2021 ,Икра Красная ,40 000 тг.,
154,Икра Горбуши 2021,Икра Красная ,17 500 тг.,
155,"Икра красная ""Золото Сахалина""   360 грамм",Икра Красная ,16 500 тг.,
156,"Икра красная ""Золото Сахалина"" 220 грамм",Икра Красная ,10 800 тг.,
157,"Икра Красная ""Золото Сахалина"" 500 гр.",Икра Красная ,19 990 тг.,РФ
158,Икра Горбуши 2021 (200 гр),Икра Красная ,7 000 тг.,
159,"Икра Красная ""Обкомовская"" уп. 200 гр.",Икра Красная ,10 400 тг.,
160,"Икра красная Путина, 440 гр",Икра Красная ,20 700 тг.,РФ
161,"Икра Красная Путина, 240 гр",Икра Красная ,11 100 тг.,
162,"Икра Красная Путина, 150 гр",Икра Красная ,7 200 тг.,РФ
163,"Икра красная Путина, 90 гр",Икра Красная ,5 400 тг.,РФ
164,"Икра Красная ""Обкомовская"", уп. 360 гр.",Икра Красная ,19 200 тг.,
165,"Икра Красная Путина, 60 гр",Икра Красная ,3 200 тг.,
166,"Икра красная ""Обкомовская"", уп. 500 гр",Икра Красная ,27 200 тг.,
167,"Икра Красная ""Обкомовская"", 95 гр.",Икра Красная ,5 500 тг.,
168,"Икра Красная ""Обкомовская"" уп. 140 гр.",Икра Красная ,8 000 тг.,
169,Икра Черная Осетровых ,Черная Икра ,35 000 тг.,
170,Икра Черная Стерлядь,Черная Икра ,16 500 тг.,
171,Черная Икра Caspian Caviar,Черная Икра ,66 700 тг.,
172,Икра Морского Ежа,Икра Морского Ежа ,10 500 тг.,
173,"Хамон Jamon iberico, 40 гр",Хамон ,10 100 тг.,
174,"Хамон Jamon Iberico, уп. 70 гр",Хамон ,15 800 тг.,
175,"Хамон Лопатка Jamon Belotta, 40 гр",Хамон ,7 500 тг.,
176,"Хамон Jamon Iberico Horeca, 40 гр",Хамон ,9 500 тг.,
177,Филе утки Мулард ,Мясо утки ,4 800 тг.,
178,Ножка утиная Конфи,Мясо утки ,5 200 тг.,
179,Печень утиная  Фуа-Гра  Эскалоп,Мясо утки ,28 000 тг.,
180,Паштет из утки  Rillettes de Canard Classique,Мясо утки ,3 500 тг.,
181,"Колбаски Бордо Экстра, уп. 180 гр",Мясо утки ,2 700 тг.,
182,Паштет Rillettes de Canard Foie Gras,Мясо утки ,4 000 тг.,
183,Паштет Пате-Мусс из Фуа-Гра 50%,Мясо утки ,1 590 тг.,
184,Фуа-гра Утиная  Золото целая,Мясо утки ,27 000 тг.,
185,Паштет Пате из Фуа-гра 100%,Мясо утки ,2 500 тг.,
186,Колбаски Фелино Мини,Мясо утки ,1 800 тг.,
187,Колбаска Пармеджана сыровяленая,Мясо утки ,3 000 тг.,
188,Колбаска Пражская сыровяленая,Мясо утки ,3 000 тг.,
189,Колбаски Утиные для гриля,Мясо утки ,4 500 тг.,
190,Соус из черного трюфеля Salsa Nero Tartufi Organic,Трюфель ,4 800 тг.,
191,Оливковое масло с  черным трюфелем 100 мл Olive Oil with black truffle,Трюфель ,4 000 тг.,Италия
192,Оливковое масло с белым трюфелем Olive Oil with white truffle,Трюфель ,4 000 тг.,
193,Ломтики черного трюфеля в рассоле Truffle slices Organic,Трюфель ,10 600 тг.,
194,Трюфель черный целый в рассоле Whole Black Truffle in brine,Трюфель ,8 500 тг.,
195,Сальса Соус из Черного трюфеля,Трюфель ,4 800 тг.,Италия
196,Трюфельный Соус  Salsa Nero Tartufi Organic,Трюфель ,5 800 тг.,Италия
197,Трюфель Черный целый в рассоле,Трюфель ,16 500 тг.,Италия
198,Спагетти Di Martino,Макароны ,1 600 тг.,
199,Паста PENNE RIGATE Di Martino,Макароны ,1 600 тг.,
200,Паста Tofette Di Martino ,Макароны ,1 600 тг.,
201,Паста Оливковые Листья,Макароны ,2 000 тг.,
202,Макароны ракушки Orecciette Tricolore,Макароны ,2 000 тг.,Италия
203,Спагетти с чернилами каракатицы Le Bonta,Макароны ,2 000 тг.,
204,Макароны LINGUINE Le Bonta ,Макароны ,2 000 тг.,Италия
205,Спагетти Di Martino,Макароны ,1 600 тг.,
206,Паста PENNE RIGATE Di Martino,Макароны ,1 600 тг.,
207,Паста Tofette Di Martino ,Макароны ,1 600 тг.,
208,Паста Оливковые Листья,Макароны ,2 000 тг.,
209,Макароны ракушки Orecciette Tricolore,Макароны ,2 000 тг.,Италия
210,Спагетти с чернилами каракатицы Le Bonta,Макароны ,2 000 тг.,
211,Макароны LINGUINE Le Bonta ,Макароны ,2 000 тг.,Италия
212,Вяленые помидоры в масле Le Bonta,Антипасти ,2 500 тг.,Италия
213,Артишок на гриле Le Bonta,Антипасти ,2 800 тг.,Италия
214,Оливки Зеленые Le Bonta,Антипасти ,2 500 тг.,Италия
215,Овощи на Гриле Рустико Le Bonta,Антипасти ,2 500 тг.,Италия
216,Перец на Гриле Le Bonta,Антипасти ,2 500 тг.,Италия
217,Песто алла Дженовезе Le Bonta,Антипасти ,2 300 тг.,Италия
218,Баклажаны на гриле Le Bonta,Антипасти ,2 500 тг.,
219,Оливки Микс Le Bonta,Антипасти ,2 500 тг.,Италия
220,Фисташковая Паста Alicos,Антипасти ,4 500 тг.,
221,Миндальная Паста,Антипасти ,4 500 тг.,
222,Брускетта Микс с Баклажаном,Антипасти ,2 500 тг.,
223,Соус с Базиликом Le Bonta,Антипасти ,1 700 тг.,
224,Брускетта Микс с помидорами и сладким перцем,Антипасти ,2 500 тг.,Италия
225,Каперсы на веточке Le Bonta,Антипасти ,2 300 тг.,Италия
226,Грибной Микс Le Bonta,Антипасти ,2 500 тг.,
227,"Оливки фиолетовые ""LECCINO"" Le Bonta",Антипасти ,2 500 тг.,Италия
228,Артишок со стеблями All Romana,Антипасти ,4 000 тг.,
229,Брускетта Микс с Базиликом,Антипасти ,2 500 тг.,
230,"Джем из Сицилийского Апельсина, 110 гр",Сладости ,1 600 тг.,Сицилия
231,Шампиньоны на гриле Le Bonta,Антипасти ,2 500 тг.,Италия
232,Макароны ракушки Orecciette Tricolore,Макароны ,2 000 тг.,Италия
233,Оливки Зеленые Le Bonta большая банка,Антипасти ,9 500 тг.,
234,Макароны LINGUINE Le Bonta ,Макароны ,2 000 тг.,Италия
235,Вяленые Помидоры в Оливковом Масле Alicos,Антипасти ,3 000 тг.,
236,Каперсы в соли Le Bonta,Антипасти ,1 700 тг.,Италия
237,"Джем из Сицилийского Лимона, 110 гр",Сладости ,1 600 тг.,
238,"Перец Черри с Тунцом и Каперсами, Le Bonta",Антипасти ,3 200 тг.,
239,"Джем из Сицилийского Мандарина, 110 гр",Сладости ,1 600 тг.,
240, Брускетта Микс с Вялеными Помидорами,Антипасти ,2 500 тг.,
241, Фисташковый Песто,Антипасти ,5 000 тг.,
242,Паста из Чили перца Alicos,Антипасти ,3 000 тг.,
243,Джем из Красного силийского апельсина,Сладости ,3 000 тг.,Сицилия
244,Лук на Гриле Borettane Le Bonta,Антипасти ,2 500 тг.,
245,Паштет из цукини,Антипасти ,3 000 тг.,
246,Пепероната с Оливковым Маслом,Антипасти ,3 000 тг.,
247,Песто Сицилиано,Антипасти ,3 000 тг.,
248,Лук на гриле с Бальзамическим уксусом Le Bonta,Антипасти ,2 500 тг.,
249,"Перец Черри с сыром, Le Bonta, 1700 мл.",Антипасти ,13 500 тг.,Италия
250,КАПОНАТА СИЦИЛЙСКАЯ,Антипасти ,2 500 тг.,
251,Песто Трапеназе,Антипасти ,3 000 тг.,
252,Баклажаны Обжаренные слайсами LeBonta,Антипасти ,8 000 тг.,
253,"Джем из Сицилийского лимона, 220 гр",Сладости ,3 000 тг.,
254,"Перец Черри фаршированный Тунцом и Каперсами, 1700 мл.",Антипасти ,13 500 тг.,Италия
255,Вяленые помидоры в масле Le Bonta,Антипасти ,2 500 тг.,Италия
256,Артишок на гриле Le Bonta,Антипасти ,2 800 тг.,Италия
257,Оливки Зеленые Le Bonta,Антипасти ,2 500 тг.,Италия
258,Овощи на Гриле Рустико Le Bonta,Антипасти ,2 500 тг.,Италия
259,Перец на Гриле Le Bonta,Антипасти ,2 500 тг.,Италия
260,Песто алла Дженовезе Le Bonta,Антипасти ,2 300 тг.,Италия
261,Баклажаны на гриле Le Bonta,Антипасти ,2 500 тг.,
262,Оливки Микс Le Bonta,Антипасти ,2 500 тг.,Италия
263,Соус с Базиликом Le Bonta,Антипасти ,1 700 тг.,
264,Каперсы на веточке Le Bonta,Антипасти ,2 300 тг.,Италия
265,Грибной Микс Le Bonta,Антипасти ,2 500 тг.,
266,"Оливки фиолетовые ""LECCINO"" Le Bonta",Антипасти ,2 500 тг.,Италия
267,Артишок со стеблями All Romana,Антипасти ,4 000 тг.,
268,Шампиньоны на гриле Le Bonta,Антипасти ,2 500 тг.,Италия
269,Макароны ракушки Orecciette Tricolore,Макароны ,2 000 тг.,Италия
270,Оливки Зеленые Le Bonta большая банка,Антипасти ,9 500 тг.,
271,Макароны LINGUINE Le Bonta ,Макароны ,2 000 тг.,Италия
272,Каперсы в соли Le Bonta,Антипасти ,1 700 тг.,Италия
273,"Джем из Сицилийского Лимона, 110 гр",Сладости ,1 600 тг.,
274,"Перец Черри с Тунцом и Каперсами, Le Bonta",Антипасти ,3 200 тг.,
275,"Джем из Сицилийского Мандарина, 110 гр",Сладости ,1 600 тг.,
276,Лук на Гриле Borettane Le Bonta,Антипасти ,2 500 тг.,
277,Лук на гриле с Бальзамическим уксусом Le Bonta,Антипасти ,2 500 тг.,
278,"Перец Черри с сыром, Le Bonta, 1700 мл.",Антипасти ,13 500 тг.,Италия
279,Баклажаны Обжаренные слайсами LeBonta,Антипасти ,8 000 тг.,
280,"Перец Черри фаршированный Тунцом и Каперсами, 1700 мл.",Антипасти ,13 500 тг.,Италия
281,Фисташковая Паста Alicos,Антипасти ,4 500 тг.,
282,Миндальная Паста,Антипасти ,4 500 тг.,
283,Брускетта Микс с Баклажаном,Антипасти ,2 500 тг.,
284,Брускетта Микс с помидорами и сладким перцем,Антипасти ,2 500 тг.,Италия
285,Брускетта Микс с Базиликом,Антипасти ,2 500 тг.,
286,"Джем из Сицилийского Апельсина, 110 гр",Сладости ,1 600 тг.,Сицилия
287,Вяленые Помидоры в Оливковом Масле Alicos,Антипасти ,3 000 тг.,
288, Брускетта Микс с Вялеными Помидорами,Антипасти ,2 500 тг.,
289, Фисташковый Песто,Антипасти ,5 000 тг.,
290,Паста из Чили перца Alicos,Антипасти ,3 000 тг.,
291,Джем из Красного силийского апельсина,Сладости ,3 000 тг.,Сицилия
292,Паштет из цукини,Антипасти ,3 000 тг.,
293,Пепероната с Оливковым Маслом,Антипасти ,3 000 тг.,
294,Песто Сицилиано,Антипасти ,3 000 тг.,
295,КАПОНАТА СИЦИЛЙСКАЯ,Антипасти ,2 500 тг.,
296,Песто Трапеназе,Антипасти ,3 000 тг.,
297,"Джем из Сицилийского лимона, 220 гр",Сладости ,3 000 тг.,
298,Морская Соль и Прованские травы ,Специи ,3 500 тг.,Испания
299,Соль Розовая и 3 вида Перца горошком Carmencita,Специи ,3 500 тг.,Испания
300,"Перец горошком ""Mix 4 перца""",Специи ,5 100 тг.,Испания
301,Приправа для Паэльи Carmencita Marinera,Специи ,1 400 тг.,Испания
302,"Приправа Средиземнорский Микс, Carmencita",Специи ,3 500 тг.,Испания
303,Приправа для Паэльи с шафраном Carmencita,Специи ,1 400 тг.,Испания
304,Приправа для Паэльи Valenciana,Специи ,1 400 тг.,Испания
305,"Перец горошком ""Mix 4 перца"" 40 гр. Carmencita",Специи ,2 000 тг.,Испания
306,Приправа для Паэльи Шафран Микс,Специи ,1 400 тг.,
307,Приправа  Паэлья Carmencita,Специи ,1 400 тг.,Испания
308,"Шафрановые нити экстра 0,36 гр Сarmencita",Специи ,3 500 тг.,Испания
309,"Бальзамический Крем с Малиной, Giuseppe Giusti, 150 мл.",Бальзамик ,3 300 тг.,Италия
310,Бальзамический Крем с Инжиром 150 мл.,Бальзамик ,3 300 тг.,Инжира
311,Бальзамический Крем с грибами 150 мл.,Бальзамик ,3 300 тг.,
312,"Бальзамический Крем Бианка, Giuseppe Giusti, 150 мл.",Бальзамик ,3 300 тг.,Италия
313,Бальзамический Уксус Giuseppe Giusti 250 мл.,Бальзамик ,7 000 тг.,
314,"Бальзамический Уксус Giuseppe Giusti  2 медали, 250 мл.",Бальзамик ,9 000 тг.,Италия
315,Бальзамический уксус Giuseppe Giusti Modena 100 мл.,Бальзамик ,4 600 тг.,Италия
316,"Бальзамический Уксус Giuseppe Giusti  2 медали, 100 мл.",Бальзамик ,6 500 тг.,
317,"Бальзамический Крем с Ванилью, Giuseppe Giusti, 150 мл.",Бальзамик ,3 300 тг.,Италия
318,"Бальзамический Уксус Giuseppe Giusti IGP  3 медали, 250 мл.",Бальзамик ,13 200 тг.,Modena
319,"Бальзамический Уксус Giuseppe Giusti ""Quatro Centenfrio"" IGP, 100 мл.",Бальзамик ,13 700 тг.,
320,Бальзамический Уксус Giuseppe Giusti 250 мл.,Бальзамик ,9 100 тг.,
321,"Бальзамический Уксус Giuseppe Giusti IGP  3 медали, 100 мл.",Бальзамик ,9 100 тг.,Modena
322,"Бальзамический Уксус Giuseppe Giusti ""Quatro Centenfrio"" IGP, 250 мл.",Бальзамик ,20 100 тг.,
323,"Бальзамический Уксус Giuseppe Giusti IGP  3 медали, 250 мл.",Бальзамик ,14 300 тг.,
324,"Бальзамический Крем с Малиной, Giuseppe Giusti, 150 мл.",Бальзамик ,3 300 тг.,Италия
325,Бальзамический Крем с Инжиром 150 мл.,Бальзамик ,3 300 тг.,Инжира
326,Бальзамический Крем с грибами 150 мл.,Бальзамик ,3 300 тг.,
327,"Бальзамический Крем Бианка, Giuseppe Giusti, 150 мл.",Бальзамик ,3 300 тг.,Италия
328,Бальзамический Уксус Giuseppe Giusti 250 мл.,Бальзамик ,7 000 тг.,
329,"Бальзамический Уксус Giuseppe Giusti  2 медали, 250 мл.",Бальзамик ,9 000 тг.,Италия
330,Бальзамический уксус Giuseppe Giusti Modena 100 мл.,Бальзамик ,4 600 тг.,Италия
331,"Бальзамический Уксус Giuseppe Giusti  2 медали, 100 мл.",Бальзамик ,6 500 тг.,
332,"Бальзамический Крем с Ванилью, Giuseppe Giusti, 150 мл.",Бальзамик ,3 300 тг.,Италия
333,"Бальзамический Уксус Giuseppe Giusti IGP  3 медали, 250 мл.",Бальзамик ,13 200 тг.,Modena
334,"Бальзамический Уксус Giuseppe Giusti ""Quatro Centenfrio"" IGP, 100 мл.",Бальзамик ,13 700 тг.,
335,Бальзамический Уксус Giuseppe Giusti 250 мл.,Бальзамик ,9 100 тг.,
336,"Бальзамический Уксус Giuseppe Giusti IGP  3 медали, 100 мл.",Бальзамик ,9 100 тг.,Modena
337,"Бальзамический Уксус Giuseppe Giusti ""Quatro Centenfrio"" IGP, 250 мл.",Бальзамик ,20 100 тг.,
338,"Бальзамический Уксус Giuseppe Giusti IGP  3 медали, 250 мл.",Бальзамик ,14 300 тг.,
339,Миндальная Паста,Антипасти ,4 500 тг.,
340,"Джем из Сицилийского Апельсина, 110 гр",Сладости ,1 600 тг.,Сицилия
341,"Джем из Сицилийского Лимона, 110 гр",Сладости ,1 600 тг.,
342,"Джем из Сицилийского Мандарина, 110 гр",Сладости ,1 600 тг.,
343,Джем из Красного силийского апельсина,Сладости ,3 000 тг.,Сицилия
344,"Джем из Сицилийского лимона, 220 гр",Сладости ,3 000 тг.,
345,Напиток Соевое Молоко БИО Органик,Напитки ,1 400 тг.,Италия
346,Напиток Кокосовое Молоко БИО,Напитки ,1 990 тг.,Италия
347,Напиток Соевое Молоко Ваниль БИО,Напитки ,1 400 тг.,Италия
348,Напиток Миндальное Молоко 8%,Напитки ,2 800 тг.,Италия
349,Напиток Молоко из Бразильского Ореха BIO,Напитки ,1 990 тг.,Италия
350,Напиток Соевое Молоко БИО Органик,Напитки ,1 400 тг.,Италия
351,Напиток Кокосовое Молоко БИО,Напитки ,1 990 тг.,Италия
352,Напиток Соевое Молоко Ваниль БИО,Напитки ,1 400 тг.,Италия
353,Напиток Миндальное Молоко 8%,Напитки ,2 800 тг.,Италия
354,Напиток Молоко из Бразильского Ореха BIO,Напитки ,1 990 тг.,Италия
355,Чука салат замороженный,Азиатская Кухня ,2 800 тг.,
356,Лапша рисовая Real THAI,Азиатская Кухня ,1 000 тг.,Тайланд
357,Ореховая Заправка Sen Soy,Азиатская Кухня ,475 тг.,
358,Кокосовое Молоко металл Aroy-D,Азиатская Кухня ,950 тг.,
359,Кокосовое Масло Aroy-D Extra,Кокосовое масло ,3 500 тг.,Тайланд
360,Кунжутное Масло REAL TANG,Кунжутное масло ,1 500 тг.,
361,Соус рыбный AROY-D,Азиатская Кухня ,1 200 тг.,Тайланд
362,Miso - Soup Sen Soy,Азиатская Кухня ,550 тг.,
363,"Лапша Гречневая SOBA, Sen-Soy",Азиатская Кухня ,950 тг.,Китай
364,Соус Терияки SEN SOY,Азиатская Кухня ,920 тг.,
365,Кокосовое Молоко AROY-D 1L,Азиатская Кухня ,2 000 тг.,Тайланд
366,Соус Хрен-васаби Sen Soy,Азиатская Кухня ,800 тг.,
367,Цитрусовая заправка SEN SOY,Азиатская Кухня ,475 тг.,Вьетнам
368,Соус TABASCO Original red,Азиатская Кухня ,1 800 тг.,
369,Том Ям Паста AROY-D,Азиатская Кухня ,1 600 тг.,Таиланд
370,Имбирная Заправка SEN SOY,Азиатская Кухня ,475 тг.,
371,"Лапша яичная EGG, Sen-Soy",Азиатская Кухня ,925 тг.,Китай
372,Вермишель фунчоза Sen-Soy,Азиатская Кухня ,1 100 тг.,Китай
373,"Соус ""Терияки""PEARL RIVER",Азиатская Кухня ,1 300 тг.,
374,Паста Том Ям с растительным маслом REAL THAI,Азиатская Кухня ,1 600 тг.,THAI
375,Уксус Рисовый ,Азиатская Кухня ,950 тг.,
376,Рисовая Вермишель Real Thai,Азиатская Кухня ,1 000 тг.,Таиланд
377,Соус Устричный Pearl River Bridge,Азиатская Кухня ,950 тг.,Китай
378,"Вермишель рисовая HU-TEU, Sen-Soy",Азиатская Кухня ,985 тг.,Китай
379,Острый Соус Шрирача AROY-D,Азиатская Кухня ,950 тг.,Тайланд
380,Карри Паста Зеленая AROY-D,Азиатская Кухня ,1 400 тг.,
381,Рисовая Бумага REAL THAI,Азиатская Кухня ,950 тг.,
382,Карри Паста Красная AROY-D,Азиатская Кухня ,1 400 тг.,Тайланд
383,"Кокосовое Молоко Aroy-D, 250 мл.",Азиатская Кухня ,750 тг.,
384,Том Ям паста Aroy-D 50 гр.,Азиатская Кухня ,400 тг.,
385,Грибы для супа Том Ям Цао Гу 400гр,Азиатская Кухня ,950 тг.,
386,Имбирь Маринованный 200 гр,Азиатская Кухня ,1 000 тг.,
387,Чука салат 200 гр,Азиатская Кухня ,1 000 тг.,
388,Лапша рисовая Real THAI,Азиатская Кухня ,1 000 тг.,Тайланд
389,"Лапша Гречневая SOBA, Sen-Soy",Азиатская Кухня ,950 тг.,Китай
390,"Лапша яичная EGG, Sen-Soy",Азиатская Кухня ,925 тг.,Китай
391,Вермишель фунчоза Sen-Soy,Азиатская Кухня ,1 100 тг.,Китай
392,Рисовая Вермишель Real Thai,Азиатская Кухня ,1 000 тг.,Таиланд
393,"Вермишель рисовая HU-TEU, Sen-Soy",Азиатская Кухня ,985 тг.,Китай
394,Рисовая Бумага REAL THAI,Азиатская Кухня ,950 тг.,
395,Ореховая Заправка Sen Soy,Азиатская Кухня ,475 тг.,
396,Соус рыбный AROY-D,Азиатская Кухня ,1 200 тг.,Тайланд
397,Miso - Soup Sen Soy,Азиатская Кухня ,550 тг.,
398,Соус Терияки SEN SOY,Азиатская Кухня ,920 тг.,
399,Соус Хрен-васаби Sen Soy,Азиатская Кухня ,800 тг.,
400,Цитрусовая заправка SEN SOY,Азиатская Кухня ,475 тг.,Вьетнам
401,Соус TABASCO Original red,Азиатская Кухня ,1 800 тг.,
402,Том Ям Паста AROY-D,Азиатская Кухня ,1 600 тг.,Таиланд
403,Имбирная Заправка SEN SOY,Азиатская Кухня ,475 тг.,
404,"Соус ""Терияки""PEARL RIVER",Азиатская Кухня ,1 300 тг.,
405,Паста Том Ям с растительным маслом REAL THAI,Азиатская Кухня ,1 600 тг.,THAI
406,Уксус Рисовый ,Азиатская Кухня ,950 тг.,
407,Соус Устричный Pearl River Bridge,Азиатская Кухня ,950 тг.,Китай
408,Острый Соус Шрирача AROY-D,Азиатская Кухня ,950 тг.,Тайланд
409,Карри Паста Зеленая AROY-D,Азиатская Кухня ,1 400 тг.,
410,Карри Паста Красная AROY-D,Азиатская Кухня ,1 400 тг.,Тайланд
411,Том Ям паста Aroy-D 50 гр.,Азиатская Кухня ,400 тг.,
412,Кокосовое Молоко металл Aroy-D,Азиатская Кухня ,950 тг.,
413,Кокосовое Масло Aroy-D Extra,Кокосовое масло ,3 500 тг.,Тайланд
414,Кунжутное Масло REAL TANG,Кунжутное масло ,1 500 тг.,
415,Кокосовое Молоко AROY-D 1L,Азиатская Кухня ,2 000 тг.,Тайланд
416,"Кокосовое Молоко Aroy-D, 250 мл.",Азиатская Кухня ,750 тг.,
417,Чука салат замороженный,Азиатская Кухня ,2 800 тг.,
418,Чука салат 200 гр,Азиатская Кухня ,1 000 тг.,
419,Имбирь Маринованный 200 гр,Азиатская Кухня ,1 000 тг.,
420,Грибы для супа Том Ям Цао Гу 400гр,Азиатская Кухня ,950 тг.,
421,"Рис Арборио ""Ризо Галло"" 500 гр",Рис Gallo ,1 450 тг.,
422,"Рис длиннозерный Арборио ""Ризо Галло"" 500 гр",Рис Gallo ,1 450 тг.,
423,"Рис зерновой Венера ""Ризо Галло"" 500 гр",Рис Gallo ,3 100 тг.,
424,Оливковое Масло Barbera Non Filtrato уп. 1л,Оливковое масло BARBERA ,6 190 тг.,
425,Оливковое Масло Barbera Oro Del Cuoco,Оливковое масло BARBERA ,4 290 тг.,Италия
426,Масло Оливковое Barbera Filtrato 1литр,Оливковое масло BARBERA ,5 990 тг.,
427,Масло Оливковое BARBERA Selezione Unica 750 мл.,Оливковое масло BARBERA ,4 490 тг.,Сицилия
428,Оливковое Масло Barbera Selezione Unica 1 литр,Оливковое масло BARBERA ,4 990 тг.,Италия
429,"Оливковое Масло Lorenzo #5, бутылка 500 мл",Оливковое масло BARBERA ,7 990 тг.,
430,"Оливковое Масло Lorenzo #1, бутылка 500 мл",Оливковое масло BARBERA ,7 990 тг.,
431,"Оливковое Масло Lorenzo #3, бутылка 500 мл",Оливковое масло BARBERA ,7 990 тг.,
432,"Масло Оливковое Barbera с цитрусами Сицилии, 250 мл",Оливковое масло BARBERA ,3 490 тг.,Virgin
433,Оливковое Масло Barbera c ароматом белого трюфеля 250 мл,Оливковое масло BARBERA ,3 490 тг.,
434,Оливковое Масло Delicato Tipo Albero,Оливковое масло BARBERA ,4 990 тг.,Италия
435,Масло Оливковое с Ароматическими травами 250 мл,Оливковое масло BARBERA ,3 490 тг.,Сицилия
436,Масло оливковое Frantoia со вкусом базилика 250 мл,Оливковое масло BARBERA ,3 500 тг.,Virgin
437,Подарочная Коробка из трех видов масла по 250 мл каждого вида,Оливковое масло BARBERA ,9 990 тг.,
438,Масло Оливковое Barbera c ароматом Черного трюфеля 250 мл.,Оливковое масло BARBERA ,3 490 тг.,Италия
439,Масло оливковое Frantoia со вкусом мандарина,Оливковое масло BARBERA ,3 500 тг.,
440,Масло оливковое Frantoia со вкусом апельсина 250 мл,Оливковое масло BARBERA ,3 500 тг.,Virgin
441,Оливковое Масло Alive Barbera,Оливковое масло BARBERA ,4 990 тг.,
442,Масло Оливковое Barbera Aglio Peperoncino с Перцем,Оливковое масло BARBERA ,3 490 тг.,
443,Оливковое Масло Olia Barbera,Оливковое масло BARBERA ,5 190 тг.,Италия
444,Масло оливковое Frantoia со вкусом Шалфея 250 мл,Оливковое масло BARBERA ,2 790 тг.,Шалфей
445,Масло оливковое Frantoia со вкусом лимона 250 мл,Оливковое масло BARBERA ,2 790 тг.,Virgin
446,Оливковое Масло BARBERA Selezione Unica 250 мл.,Оливковое масло BARBERA ,2 300 тг.,
447,Оливковое Масло Monokultivar Coratina Barbera,Оливковое масло BARBERA ,4 490 тг.,
448,Подарочная упаковка оливковое масло Lorenzo №5,Оливковое масло BARBERA ,9 000 тг.,Италия
449,Подарочный набор Cofanetto Lorenzi,Оливковое масло BARBERA ,24 000 тг.,Италия
450,Подарочная Упаковка масло Lorenzo №3,Оливковое масло BARBERA ,9 000 тг.,Италия
451,Подарочная Коробка Barbera Lorenzo #1,Оливковое масло BARBERA ,9 000 тг.,Италия
452,Масло Оливковое Finca la Torre Hojiblanca Orange ,Оливковое масло Finca La Torre ,1 990 тг.,
453,Кокосовое Масло Aroy-D Extra,Кокосовое масло ,3 500 тг.,Тайланд
454,Кунжутное Масло REAL TANG,Кунжутное масло ,1 500 тг.,
455,Масло Авокадо Avocado Oil,Авокадо Масло ,4 000 тг.,
456,Масло Сливочное BURRO ASOLO,Масло Сливочное ,1 790 тг.,
457,Сковорода для Паэльи  38 см,Сковороды VAELLA ,9 000 тг.,VAELLO
458,Чугунная Сковорода Гриль VAELLO,Сковороды VAELLA ,12 500 тг.,
459,Чугунная Сковорода Круглая VAELLO,Сковороды VAELLA ,13 000 тг.,Испания
